verse004,nan,nan,nan,nan,nan,nan,nan,nan,nan,nan,nan,nan,nan,nan,nan,nan,nan,nan,nan,nan,nan,nan,nan,nan,nan,nan,nan,nan,nan,nan,nan,nan,nan,nan,nan,nan,nan,nan,nan,nan,nan,nan,nan,nan,nan,57.0,78.0,296.0,59.0,78.0,274.0,57.0,75.0,249.0,59.0,69.0,221.0,60.0,61.0,196.0,59.0,51.0,171.0,61.0,46.0,137.0,61.0,48.0,102.0,64.0,57.0,71.0,nan,nan,nan
verse005,nan,nan,nan,nan,nan,nan,nan,nan,nan,nan,nan,nan,nan,nan,nan,nan,nan,nan,nan,nan,nan,nan,nan,nan,nan,nan,nan,nan,nan,nan,nan,nan,nan,nan,nan,nan,nan,nan,nan,nan,nan,nan,nan,nan,nan,nan,nan,nan,nan,nan,nan,nan,nan,nan,nan,nan,nan,79.0,51.0,253.0,81.0,41.0,221.0,82.0,33.0,187.0,81.0,35.0,150.0,77.0,48.0,114.0,nan,nan,nan
verse006,nan,nan,nan,nan,nan,nan,nan,nan,nan,nan,nan,nan,nan,nan,nan,nan,nan,nan,nan,nan,nan,nan,nan,nan,nan,nan,nan,nan,nan,nan,nan,nan,nan,nan,nan,nan,nan,nan,nan,nan,nan,nan,nan,nan,nan,nan,nan,nan,nan,nan,nan,nan,nan,nan,nan,nan,nan,nan,nan,nan,nan,nan,nan,nan,nan,nan,185.0,429.0,1132.0,184.0,443.0,1107.0,nan,nan,nan
verse007,nan,nan,nan,nan,nan,nan,nan,nan,nan,nan,nan,nan,nan,nan,nan,nan,nan,nan,nan,nan,nan,nan,nan,nan,nan,nan,nan,nan,nan,nan,nan,nan,nan,nan,nan,nan,nan,nan,nan,nan,nan,nan,nan,nan,nan,57.0,115.0,257.0,61.0,111.0,232.0,62.0,105.0,205.0,63.0,98.0,176.0,62.0,89.0,152.0,59.0,79.0,117.0,59.0,76.0,84.0,nan,nan,nan,nan,nan,nan,nan,nan,nan
verse008,nan,nan,nan,nan,nan,nan,nan,nan,nan,nan,nan,nan,nan,nan,nan,nan,nan,nan,nan,nan,nan,nan,nan,nan,nan,nan,nan,nan,nan,nan,nan,nan,nan,nan,nan,nan,nan,nan,nan,nan,nan,nan,nan,nan,nan,nan,nan,nan,nan,nan,nan,nan,nan,nan,73.0,121.0,236.0,74.0,116.0,205.0,76.0,115.0,170.0,76.0,112.0,136.0,78.0,115.0,102.0,77.0,124.0,67.0,nan,nan,nan
verse009,nan,nan,nan,nan,nan,nan,nan,nan,nan,nan,nan,nan,nan,nan,nan,nan,nan,nan,nan,nan,nan,nan,nan,nan,53.0,203.0,420.0,55.0,214.0,405.0,59.0,224.0,388.0,58.0,232.0,372.0,57.0,240.0,355.0,56.0,242.0,337.0,58.0,243.0,315.0,57.0,241.0,291.0,55.0,237.0,267.0,55.0,231.0,242.0,59.0,226.0,214.0,60.0,219.0,185.0,62.0,213.0,154.0,71.0,211.0,122.0,64.0,213.0,92.0,64.0,220.0,60.0,nan,nan,nan
verse014,nan,nan,nan,nan,nan,nan,nan,nan,nan,nan,nan,nan,nan,nan,nan,nan,nan,nan,nan,nan,nan,nan,nan,nan,nan,nan,nan,nan,nan,nan,nan,nan,nan,nan,nan,nan,nan,nan,nan,nan,nan,nan,nan,nan,nan,nan,nan,nan,nan,nan,nan,nan,nan,nan,nan,nan,nan,37.0,74.0,150.0,37.0,61.0,126.0,36.0,51.0,96.0,36.0,56.0,62.0,37.0,77.0,39.0,nan,nan,nan
verse015,nan,nan,nan,nan,nan,nan,nan,nan,nan,nan,nan,nan,nan,nan,nan,nan,nan,nan,nan,nan,nan,nan,nan,nan,nan,nan,nan,nan,nan,nan,nan,nan,nan,nan,nan,nan,nan,nan,nan,nan,nan,nan,nan,nan,nan,nan,nan,nan,nan,nan,nan,nan,nan,nan,59.0,142.0,271.0,59.0,140.0,239.0,59.0,133.0,208.0,61.0,125.0,174.0,59.0,115.0,146.0,58.0,114.0,116.0,nan,nan,nan
verse031,nan,nan,nan,nan,nan,nan,nan,nan,nan,nan,nan,nan,nan,nan,nan,nan,nan,nan,nan,nan,nan,nan,nan,nan,nan,nan,nan,nan,nan,nan,nan,nan,nan,nan,nan,nan,nan,nan,nan,nan,nan,nan,nan,nan,nan,nan,nan,nan,nan,nan,nan,nan,nan,nan,nan,nan,nan,81.0,105.0,180.0,81.0,96.0,149.0,79.0,90.0,115.0,76.0,90.0,83.0,74.0,89.0,54.0,nan,nan,nan
verse033,nan,nan,nan,nan,nan,nan,nan,nan,nan,nan,nan,nan,nan,nan,nan,nan,nan,nan,74.0,136.0,544.0,77.0,142.0,525.0,78.0,152.0,508.0,79.0,161.0,489.0,79.0,169.0,471.0,80.0,178.0,451.0,80.0,182.0,431.0,80.0,185.0,411.0,80.0,185.0,391.0,80.0,183.0,369.0,80.0,181.0,344.0,78.0,177.0,320.0,76.0,168.0,293.0,73.0,155.0,267.0,71.0,140.0,240.0,71.0,130.0,205.0,75.0,126.0,172.0,78.0,128.0,137.0,nan,nan,nan
verse034,nan,nan,nan,nan,nan,nan,nan,nan,nan,nan,nan,nan,nan,nan,nan,nan,nan,nan,nan,nan,nan,nan,nan,nan,nan,nan,nan,nan,nan,nan,nan,nan,nan,nan,nan,nan,nan,nan,nan,nan,nan,nan,nan,nan,nan,nan,nan,nan,158.0,162.0,444.0,156.0,155.0,412.0,156.0,150.0,381.0,161.0,145.0,348.0,163.0,138.0,313.0,163.0,135.0,275.0,162.0,136.0,237.0,162.0,144.0,199.0,nan,nan,nan
verse036,nan,nan,nan,nan,nan,nan,nan,nan,nan,nan,nan,nan,nan,nan,nan,nan,nan,nan,nan,nan,nan,nan,nan,nan,nan,nan,nan,nan,nan,nan,nan,nan,nan,nan,nan,nan,nan,nan,nan,nan,nan,nan,nan,nan,nan,nan,nan,nan,nan,nan,nan,nan,nan,nan,nan,nan,nan,nan,nan,nan,84.0,96.0,193.0,82.0,94.0,153.0,76.0,95.0,113.0,76.0,109.0,83.0,nan,nan,nan
verse043,nan,nan,nan,nan,nan,nan,nan,nan,nan,nan,nan,nan,nan,nan,nan,nan,nan,nan,nan,nan,nan,nan,nan,nan,86.0,174.0,387.0,83.0,185.0,371.0,81.0,194.0,355.0,82.0,205.0,337.0,82.0,210.0,318.0,82.0,214.0,299.0,82.0,216.0,278.0,83.0,215.0,256.0,87.0,217.0,234.0,87.0,217.0,214.0,87.0,213.0,191.0,85.0,208.0,165.0,84.0,196.0,137.0,82.0,189.0,108.0,88.0,191.0,77.0,80.0,196.0,54.0,nan,nan,nan
verse046,nan,nan,nan,nan,nan,nan,nan,nan,nan,nan,nan,nan,nan,nan,nan,nan,nan,nan,nan,nan,nan,nan,nan,nan,nan,nan,nan,nan,nan,nan,nan,nan,nan,nan,nan,nan,nan,nan,nan,nan,nan,nan,nan,nan,nan,nan,nan,nan,nan,nan,nan,nan,nan,nan,nan,nan,nan,45.0,84.0,161.0,51.0,72.0,133.0,50.0,64.0,103.0,47.0,64.0,73.0,40.0,77.0,43.0,nan,nan,nan
verse048,nan,nan,nan,nan,nan,nan,nan,nan,nan,nan,nan,nan,nan,nan,nan,nan,nan,nan,nan,nan,nan,nan,nan,nan,nan,nan,nan,nan,nan,nan,nan,nan,nan,nan,nan,nan,nan,nan,nan,nan,nan,nan,nan,nan,nan,nan,nan,nan,nan,nan,nan,nan,nan,nan,nan,nan,nan,nan,nan,nan,60.0,76.0,140.0,59.0,71.0,106.0,55.0,73.0,68.0,54.0,84.0,42.0,nan,nan,nan
verse051,nan,nan,nan,nan,nan,nan,nan,nan,nan,nan,nan,nan,nan,nan,nan,nan,nan,nan,nan,nan,nan,nan,nan,nan,nan,nan,nan,nan,nan,nan,nan,nan,nan,nan,nan,nan,nan,nan,nan,nan,nan,nan,nan,nan,nan,nan,nan,nan,207.0,273.0,426.0,207.0,267.0,400.0,208.0,260.0,375.0,211.0,252.0,346.0,212.0,246.0,314.0,214.0,243.0,281.0,208.0,244.0,249.0,193.0,256.0,218.0,nan,nan,nan
verse056,nan,nan,nan,nan,nan,nan,nan,nan,nan,nan,nan,nan,nan,nan,nan,nan,nan,nan,nan,nan,nan,nan,nan,nan,nan,nan,nan,nan,nan,nan,nan,nan,nan,nan,nan,nan,nan,nan,nan,nan,nan,nan,nan,nan,nan,nan,nan,nan,nan,nan,nan,108.0,79.0,327.0,117.0,74.0,296.0,121.0,72.0,268.0,124.0,68.0,239.0,123.0,69.0,211.0,121.0,74.0,179.0,115.0,79.0,147.0,nan,nan,nan
verse060,nan,nan,nan,nan,nan,nan,nan,nan,nan,nan,nan,nan,nan,nan,nan,nan,nan,nan,nan,nan,nan,nan,nan,nan,nan,nan,nan,nan,nan,nan,nan,nan,nan,nan,nan,nan,nan,nan,nan,nan,nan,nan,nan,nan,nan,nan,nan,nan,nan,nan,nan,nan,nan,nan,62.0,89.0,240.0,65.0,81.0,216.0,65.0,72.0,188.0,65.0,68.0,157.0,64.0,70.0,129.0,58.0,81.0,103.0,nan,nan,nan
verse061,nan,nan,nan,nan,nan,nan,nan,nan,nan,nan,nan,nan,nan,nan,nan,nan,nan,nan,nan,nan,nan,nan,nan,nan,nan,nan,nan,nan,nan,nan,nan,nan,nan,nan,nan,nan,nan,nan,nan,nan,nan,nan,nan,nan,nan,nan,nan,nan,162.0,301.0,536.0,156.0,302.0,508.0,156.0,299.0,475.0,156.0,297.0,442.0,153.0,291.0,409.0,155.0,282.0,379.0,154.0,277.0,343.0,159.0,279.0,308.0,nan,nan,nan
verse063,nan,nan,nan,nan,nan,nan,nan,nan,nan,nan,nan,nan,nan,nan,nan,nan,nan,nan,nan,nan,nan,nan,nan,nan,nan,nan,nan,nan,nan,nan,nan,nan,nan,nan,nan,nan,nan,nan,nan,nan,nan,nan,nan,nan,nan,nan,nan,nan,nan,nan,nan,nan,nan,nan,nan,nan,nan,88.0,89.0,269.0,86.0,81.0,235.0,84.0,71.0,196.0,78.0,64.0,157.0,82.0,69.0,119.0,nan,nan,nan
verse064,nan,nan,nan,nan,nan,nan,nan,nan,nan,nan,nan,nan,nan,nan,nan,nan,nan,nan,nan,nan,nan,nan,nan,nan,43.0,218.0,451.44024658203125,43.0,231.0,439.44024658203125,42.0,246.0,422.44024658203125,44.0,246.0,399.44024658203125,41.0,251.0,379.44024658203125,41.0,255.0,358.44024658203125,43.0,255.0,336.44024658203125,45.0,253.0,311.44024658203125,49.0,251.0,286.44024658203125,47.0,247.0,260.44024658203125,48.0,245.0,231.44024658203125,52.0,243.0,203.44024658203125,53.0,239.0,173.44024658203125,45.0,230.0,140.44024658203125,40.0,222.0,102.44024658203125,33.0,222.0,65.44024658203125,nan,nan,nan
verse065,nan,nan,nan,nan,nan,nan,nan,nan,nan,nan,nan,nan,nan,nan,nan,nan,nan,nan,nan,nan,nan,nan,nan,nan,nan,nan,nan,nan,nan,nan,nan,nan,nan,nan,nan,nan,nan,nan,nan,nan,nan,nan,nan,nan,nan,nan,nan,nan,nan,nan,nan,nan,nan,nan,nan,nan,nan,nan,nan,nan,91.0,58.0,160.0,92.0,58.0,125.0,89.0,73.0,93.0,87.0,88.0,75.0,nan,nan,nan
verse068,nan,nan,nan,nan,nan,nan,nan,nan,nan,nan,nan,nan,nan,nan,nan,nan,nan,nan,nan,nan,nan,nan,nan,nan,nan,nan,nan,nan,nan,nan,nan,nan,nan,nan,nan,nan,nan,nan,nan,nan,nan,nan,nan,nan,nan,215.0,274.0,514.0,218.0,275.0,490.0,216.0,275.0,466.0,218.0,270.0,434.0,217.0,261.0,409.0,214.0,254.0,385.0,220.0,241.0,352.0,221.0,234.0,319.0,220.0,234.0,279.0,nan,nan,nan
verse072,nan,nan,nan,nan,nan,nan,nan,nan,nan,nan,nan,nan,nan,nan,nan,nan,nan,nan,nan,nan,nan,nan,nan,nan,nan,nan,nan,nan,nan,nan,nan,nan,nan,nan,nan,nan,nan,nan,nan,nan,nan,nan,nan,nan,nan,nan,nan,nan,nan,nan,nan,nan,nan,nan,93.0,74.0,215.0,85.0,63.0,186.0,82.0,52.0,158.0,81.0,48.0,124.0,81.0,52.0,93.0,81.0,69.0,61.0,nan,nan,nan
verse074,nan,nan,nan,nan,nan,nan,nan,nan,nan,nan,nan,nan,nan,nan,nan,nan,nan,nan,nan,nan,nan,258.0,293.0,666.0,258.0,306.0,648.0,260.0,318.0,629.0,258.0,329.0,608.0,256.0,340.0,588.0,253.0,347.0,562.0,249.0,353.0,542.0,248.0,352.0,520.0,247.0,348.0,490.0,246.0,344.0,465.0,244.0,339.0,437.0,245.0,331.0,408.0,251.0,327.0,376.0,253.0,320.0,341.0,253.0,315.0,304.0,254.0,315.0,269.0,250.0,322.0,232.0,nan,nan,nan
verse075,nan,nan,nan,nan,nan,nan,nan,nan,nan,nan,nan,nan,nan,nan,nan,nan,nan,nan,nan,nan,nan,nan,nan,nan,nan,nan,nan,nan,nan,nan,nan,nan,nan,nan,nan,nan,nan,nan,nan,nan,nan,nan,nan,nan,nan,197.0,239.0,219.0,198.0,235.0,192.0,196.0,232.0,166.0,196.0,229.0,139.0,191.0,225.0,108.0,188.0,222.0,76.0,186.0,219.0,42.0,nan,nan,nan,nan,nan,nan,nan,nan,nan
verse076,nan,nan,nan,nan,nan,nan,nan,nan,nan,nan,nan,nan,nan,nan,nan,nan,nan,nan,nan,nan,nan,nan,nan,nan,nan,nan,nan,nan,nan,nan,nan,nan,nan,nan,nan,nan,nan,nan,nan,nan,nan,nan,nan,nan,nan,nan,nan,nan,nan,nan,nan,nan,nan,nan,nan,nan,nan,71.0,127.0,221.0,72.0,117.0,192.0,73.0,112.0,160.0,71.0,114.0,128.0,67.0,131.0,100.0,nan,nan,nan
verse082,nan,nan,nan,nan,nan,nan,nan,nan,nan,nan,nan,nan,nan,nan,nan,nan,nan,nan,nan,nan,nan,213.0,238.0,674.0,222.0,250.0,655.0,230.0,263.0,636.0,232.0,273.0,613.0,232.0,282.0,591.0,232.0,291.0,568.0,233.0,298.0,544.0,233.0,301.0,519.0,234.0,305.0,494.0,239.0,306.0,466.0,241.0,302.0,437.0,242.0,295.0,408.0,242.0,288.0,378.0,244.0,276.0,344.0,240.0,271.0,305.0,234.0,269.0,268.0,230.0,271.0,234.0,nan,nan,nan
verse088,nan,nan,nan,nan,nan,nan,nan,nan,nan,nan,nan,nan,nan,nan,nan,nan,nan,nan,nan,nan,nan,nan,nan,nan,nan,nan,nan,nan,nan,nan,nan,nan,nan,nan,nan,nan,nan,nan,nan,nan,nan,nan,nan,nan,nan,126.0,136.0,335.0,125.0,135.0,313.0,122.0,135.0,286.0,119.0,129.0,261.0,117.0,121.0,233.0,117.0,116.0,203.0,116.0,106.0,168.0,116.0,108.0,134.0,114.0,112.0,102.0,nan,nan,nan
verse091,nan,nan,nan,nan,nan,nan,nan,nan,nan,nan,nan,nan,nan,nan,nan,nan,nan,nan,nan,nan,nan,184.0,205.0,592.0,189.0,213.0,574.0,192.0,222.0,557.0,197.0,229.0,538.0,197.0,235.0,520.0,194.0,241.0,500.0,192.0,247.0,478.0,192.0,247.0,456.0,188.0,243.0,435.0,183.0,245.0,411.0,179.0,244.0,385.0,172.0,240.0,356.0,168.0,230.0,326.0,170.0,220.0,299.0,174.0,220.0,263.0,177.0,219.0,235.0,183.0,230.0,207.0,nan,nan,nan
verse096,nan,nan,nan,nan,nan,nan,nan,nan,nan,nan,nan,nan,nan,nan,nan,nan,nan,nan,204.0,197.0,647.0,207.0,203.0,631.0,202.0,212.0,614.0,198.0,221.0,596.0,196.0,227.0,579.0,192.0,232.0,561.0,190.0,236.0,538.0,190.0,238.0,515.0,187.0,239.0,494.0,187.0,233.0,471.0,188.0,229.0,448.0,187.0,231.0,421.0,186.0,223.0,395.0,184.0,214.0,364.0,184.0,202.0,334.0,184.0,192.0,303.0,185.0,195.0,268.0,177.0,199.0,241.0,nan,nan,nan
verse097,nan,nan,nan,nan,nan,nan,nan,nan,nan,nan,nan,nan,218.0,99.0,511.0,214.0,113.0,504.0,215.0,130.0,501.0,212.0,144.0,494.0,212.0,162.0,486.0,212.0,179.0,478.0,210.0,194.0,463.0,210.0,201.0,446.0,209.0,208.0,425.0,207.0,210.0,403.0,208.0,207.0,381.0,208.0,207.0,359.0,205.0,203.0,333.0,206.0,200.0,307.0,206.0,196.0,279.0,206.0,191.0,252.0,200.0,187.0,221.0,191.0,190.0,195.0,180.0,189.0,161.0,178.0,199.0,133.0,nan,nan,nan
verse100,nan,nan,nan,nan,nan,nan,nan,nan,nan,nan,nan,nan,nan,nan,nan,nan,nan,nan,nan,nan,nan,nan,nan,nan,nan,nan,nan,nan,nan,nan,nan,nan,nan,nan,nan,nan,nan,nan,nan,nan,nan,nan,nan,nan,nan,245.0,266.0,289.0,245.0,262.0,263.0,242.0,260.0,233.0,243.0,254.0,204.0,247.0,248.0,168.0,247.0,239.0,132.0,246.0,228.0,93.0,248.0,224.0,52.0,nan,nan,nan,nan,nan,nan
verse102,nan,nan,nan,nan,nan,nan,nan,nan,nan,nan,nan,nan,nan,nan,nan,nan,nan,nan,nan,nan,nan,nan,nan,nan,nan,nan,nan,nan,nan,nan,nan,nan,nan,nan,nan,nan,nan,nan,nan,nan,nan,nan,nan,nan,nan,nan,nan,nan,nan,nan,nan,nan,nan,nan,nan,nan,nan,102.0,97.0,252.0,103.0,80.0,219.0,106.0,72.0,185.0,111.0,74.0,155.0,112.0,88.0,121.0,nan,nan,nan
verse104,nan,nan,nan,nan,nan,nan,nan,nan,nan,nan,nan,nan,nan,nan,nan,nan,nan,nan,nan,nan,nan,nan,nan,nan,166.0,166.0,471.0,170.0,175.0,454.0,171.0,185.0,439.0,168.0,195.0,419.0,166.0,201.0,398.0,162.0,206.0,380.0,160.0,211.0,356.0,158.0,208.0,331.0,157.0,205.0,308.0,156.0,202.0,283.0,154.0,200.0,256.0,155.0,193.0,226.0,155.0,183.0,191.0,156.0,175.0,163.0,156.0,172.0,126.0,157.0,170.0,96.0,nan,nan,nan
verse105,nan,nan,nan,nan,nan,nan,nan,nan,nan,nan,nan,nan,nan,nan,nan,nan,nan,nan,nan,nan,nan,nan,nan,nan,93.0,61.0,196.0,93.0,70.0,177.0,93.0,79.0,157.0,91.0,86.0,138.0,89.0,91.0,116.0,87.0,93.0,98.0,85.0,91.0,79.0,87.0,87.0,56.0,89.0,83.0,29.0,nan,nan,nan,nan,nan,nan,nan,nan,nan,nan,nan,nan,nan,nan,nan,nan,nan,nan,nan,nan,nan,nan,nan,nan
verse107,nan,nan,nan,nan,nan,nan,nan,nan,nan,nan,nan,nan,nan,nan,nan,nan,nan,nan,nan,nan,nan,nan,nan,nan,nan,nan,nan,nan,nan,nan,nan,nan,nan,nan,nan,nan,nan,nan,nan,nan,nan,nan,nan,nan,nan,nan,nan,nan,nan,nan,nan,167.0,209.0,331.0,164.0,206.0,303.0,161.0,202.0,276.0,154.0,198.0,248.0,141.0,186.0,223.0,137.0,177.0,192.0,141.0,181.0,161.0,nan,nan,nan
verse111,nan,nan,nan,nan,nan,nan,nan,nan,nan,nan,nan,nan,nan,nan,nan,nan,nan,nan,nan,nan,nan,nan,nan,nan,nan,nan,nan,nan,nan,nan,nan,nan,nan,nan,nan,nan,nan,nan,nan,nan,nan,nan,nan,nan,nan,nan,nan,nan,nan,nan,nan,83.0,99.0,250.0,83.0,93.0,221.0,81.0,84.0,195.0,80.0,76.0,163.0,85.0,67.0,137.0,92.0,57.0,111.0,94.0,53.0,81.0,nan,nan,nan
verse112,nan,nan,nan,nan,nan,nan,nan,nan,nan,nan,nan,nan,nan,nan,nan,nan,nan,nan,nan,nan,nan,184.0,193.0,417.0,185.0,201.0,402.0,185.0,213.0,384.0,186.0,220.0,367.0,185.0,228.0,348.0,183.0,234.0,325.0,182.0,239.0,308.0,182.0,239.0,285.0,181.0,240.0,264.0,182.0,238.0,240.0,182.0,236.0,217.0,181.0,232.0,189.0,180.0,222.0,161.0,183.0,213.0,127.0,182.0,202.0,97.0,180.0,192.0,62.0,181.0,193.0,28.0,nan,nan,nan
verse113,nan,nan,nan,nan,nan,nan,nan,nan,nan,nan,nan,nan,nan,nan,nan,nan,nan,nan,nan,nan,nan,nan,nan,nan,nan,nan,nan,nan,nan,nan,nan,nan,nan,nan,nan,nan,nan,nan,nan,nan,nan,nan,nan,nan,nan,nan,nan,nan,nan,nan,nan,nan,nan,nan,nan,nan,nan,nan,nan,nan,94.0,55.0,176.0,92.0,54.0,146.0,91.0,53.0,118.0,93.0,48.0,87.0,93.0,49.0,60.0
verse122,nan,nan,nan,nan,nan,nan,nan,nan,nan,nan,nan,nan,nan,nan,nan,nan,nan,nan,100.0,27.0,492.0,100.0,34.0,476.0,99.0,41.0,460.0,98.0,50.0,442.0,96.0,61.0,423.0,94.0,71.0,410.0,91.0,82.0,391.0,91.0,89.0,371.0,89.0,90.0,347.0,88.0,92.0,322.0,85.0,92.0,297.0,83.0,95.0,271.0,79.0,93.0,247.0,74.0,89.0,218.0,70.0,79.0,188.0,66.0,73.0,156.0,68.0,73.0,120.0,70.0,79.0,91.0,nan,nan,nan
verse127,nan,nan,nan,nan,nan,nan,nan,nan,nan,nan,nan,nan,nan,nan,nan,nan,nan,nan,nan,nan,nan,176.0,168.0,606.0,176.0,182.0,593.0,176.0,197.0,579.0,175.0,212.0,565.0,175.0,222.0,548.0,174.0,229.0,529.0,172.0,231.0,505.0,171.0,230.0,484.0,170.0,229.0,463.0,175.0,222.0,438.0,173.0,215.0,413.0,179.0,205.0,388.0,182.0,197.0,357.0,187.0,189.0,326.0,183.0,189.0,296.0,176.0,184.0,265.0,177.0,189.0,229.0,nan,nan,nan
verse133,nan,nan,nan,nan,nan,nan,nan,nan,nan,nan,nan,nan,nan,nan,nan,nan,nan,nan,nan,nan,nan,nan,nan,nan,nan,nan,nan,nan,nan,nan,nan,nan,nan,nan,nan,nan,nan,nan,nan,nan,nan,nan,nan,nan,nan,201.0,284.0,456.0,204.0,278.0,431.0,205.0,277.0,406.0,208.0,274.0,378.0,210.0,270.0,347.0,211.0,265.0,314.0,212.0,259.0,280.0,210.0,257.0,247.0,209.0,258.0,213.0,nan,nan,nan
verse134,nan,nan,nan,nan,nan,nan,nan,nan,nan,nan,nan,nan,nan,nan,nan,nan,nan,nan,nan,nan,nan,nan,nan,nan,nan,nan,nan,nan,nan,nan,nan,nan,nan,nan,nan,nan,nan,nan,nan,nan,nan,nan,nan,nan,nan,nan,nan,nan,nan,nan,nan,nan,nan,nan,63.0,65.0,181.0,63.0,56.0,159.0,67.0,47.0,133.0,74.0,41.0,106.0,82.0,43.0,76.0,81.0,57.0,47.0,nan,nan,nan
verse135,nan,nan,nan,nan,nan,nan,nan,nan,nan,nan,nan,nan,nan,nan,nan,nan,nan,nan,201.0,241.0,617.0,199.0,248.0,603.0,193.0,259.0,588.0,193.0,266.0,568.0,190.0,276.0,550.0,190.0,280.0,533.0,188.0,283.0,513.0,187.0,284.0,494.0,186.0,282.0,472.0,186.0,276.0,450.0,186.0,272.0,429.0,185.0,270.0,404.0,185.0,262.0,375.0,188.0,255.0,345.0,184.0,247.0,313.0,180.0,243.0,280.0,178.0,240.0,248.0,180.0,247.0,215.0,nan,nan,nan
verse137,nan,nan,nan,nan,nan,nan,nan,nan,nan,nan,nan,nan,nan,nan,nan,nan,nan,nan,nan,nan,nan,nan,nan,nan,nan,nan,nan,nan,nan,nan,nan,nan,nan,nan,nan,nan,nan,nan,nan,nan,nan,nan,nan,nan,nan,nan,nan,nan,nan,nan,nan,nan,nan,nan,103.0,101.0,205.0,111.0,96.0,172.0,115.0,93.0,136.0,111.0,93.0,104.0,100.0,97.0,77.0,93.0,100.0,58.0,nan,nan,nan
verse139,nan,nan,nan,nan,nan,nan,nan,nan,nan,nan,nan,nan,nan,nan,nan,nan,nan,nan,nan,nan,nan,nan,nan,nan,nan,nan,nan,nan,nan,nan,nan,nan,nan,nan,nan,nan,nan,nan,nan,nan,nan,nan,nan,nan,nan,nan,nan,nan,nan,nan,nan,nan,nan,nan,nan,nan,nan,54.0,55.0,265.0,53.0,43.0,233.0,52.0,36.0,199.0,52.0,34.0,162.0,50.0,42.0,129.0,nan,nan,nan
verse141,nan,nan,nan,nan,nan,nan,nan,nan,nan,nan,nan,nan,nan,nan,nan,nan,nan,nan,61.0,70.0,467.0,63.0,78.0,451.0,65.0,86.0,436.0,66.0,94.0,418.0,66.0,101.0,400.0,66.0,108.0,380.0,66.0,111.0,359.0,68.0,112.0,336.0,67.0,113.0,314.0,68.0,110.0,292.0,68.0,108.0,268.0,68.0,104.0,244.0,68.0,99.0,219.0,65.0,90.0,191.0,66.0,81.0,160.0,65.0,73.0,128.0,65.0,67.0,95.0,66.0,69.0,61.0,nan,nan,nan
verse145,nan,nan,nan,nan,nan,nan,nan,nan,nan,nan,nan,nan,nan,nan,nan,nan,nan,nan,nan,nan,nan,194.0,210.0,595.0,195.0,219.0,575.0,196.0,226.0,557.0,194.0,230.0,539.0,194.0,231.0,517.0,193.0,230.0,498.0,192.0,230.0,478.0,191.0,225.0,457.0,190.0,226.0,436.0,190.0,216.0,411.0,191.0,212.0,385.0,201.0,207.0,358.0,203.0,199.0,331.0,203.0,193.0,299.0,200.0,191.0,265.0,192.0,197.0,229.0,191.0,207.0,199.0,nan,nan,nan
verse146,nan,nan,nan,nan,nan,nan,nan,nan,nan,nan,nan,nan,nan,nan,nan,nan,nan,nan,nan,nan,nan,nan,nan,nan,nan,nan,nan,nan,nan,nan,nan,nan,nan,nan,nan,nan,nan,nan,nan,nan,nan,nan,nan,nan,nan,nan,nan,nan,nan,nan,nan,nan,nan,nan,nan,nan,nan,nan,nan,nan,nan,nan,nan,79.0,36.0,103.0,83.0,46.0,69.0,86.0,66.0,45.0,nan,nan,nan
verse151,nan,nan,nan,nan,nan,nan,nan,nan,nan,nan,nan,nan,nan,nan,nan,nan,nan,nan,nan,nan,nan,206.0,223.0,643.0,206.0,234.0,626.0,205.0,245.0,609.0,201.0,252.0,590.0,199.0,258.0,571.0,198.0,260.0,550.0,199.0,264.0,531.0,199.0,268.0,505.0,195.0,263.0,479.0,196.0,263.0,454.0,199.0,265.0,426.0,198.0,266.0,397.0,199.0,265.0,367.0,196.0,257.0,331.0,193.0,251.0,294.0,188.0,245.0,253.0,185.0,243.0,221.0,nan,nan,nan
verse152,nan,nan,nan,nan,nan,nan,nan,nan,nan,nan,nan,nan,nan,nan,nan,nan,nan,nan,nan,nan,nan,nan,nan,nan,nan,nan,nan,nan,nan,nan,nan,nan,nan,nan,nan,nan,nan,nan,nan,nan,nan,nan,nan,nan,nan,nan,nan,nan,nan,nan,nan,nan,nan,nan,89.0,75.0,218.0,93.0,69.0,190.0,89.0,60.0,160.0,93.0,56.0,128.0,90.0,63.0,92.0,94.0,69.0,67.0,nan,nan,nan
verse201,75.0,23.0,132.0,77.0,30.0,112.0,81.0,33.0,95.0,85.0,42.0,84.0,87.0,55.0,74.0,86.0,67.0,64.0,84.0,76.0,52.0,86.0,89.0,39.0,86.0,101.0,23.0,nan,nan,nan,nan,nan,nan,nan,nan,nan,nan,nan,nan,nan,nan,nan,nan,nan,nan,nan,nan,nan,nan,nan,nan,nan,nan,nan,nan,nan,nan,nan,nan,nan,nan,nan,nan,nan,nan,nan,nan,nan,nan,nan,nan,nan,nan,nan,nan
verse202,39.0,53.0,197.0,39.0,59.0,169.0,39.0,62.0,150.0,40.0,62.0,132.0,40.0,62.0,113.0,40.0,58.0,92.0,39.0,57.0,72.0,39.0,59.0,50.0,nan,nan,nan,nan,nan,nan,nan,nan,nan,nan,nan,nan,nan,nan,nan,nan,nan,nan,nan,nan,nan,nan,nan,nan,nan,nan,nan,nan,nan,nan,nan,nan,nan,nan,nan,nan,nan,nan,nan,nan,nan,nan,nan,nan,nan,nan,nan,nan,nan,nan,nan
verse207,75.0,44.0,123.0,77.0,49.0,103.0,79.0,50.0,84.0,79.0,51.0,69.0,78.0,56.0,55.0,77.0,63.0,42.0,75.0,73.0,31.0,75.0,87.0,20.0,nan,nan,nan,nan,nan,nan,nan,nan,nan,nan,nan,nan,nan,nan,nan,nan,nan,nan,nan,nan,nan,nan,nan,nan,nan,nan,nan,nan,nan,nan,nan,nan,nan,nan,nan,nan,nan,nan,nan,nan,nan,nan,nan,nan,nan,nan,nan,nan,nan,nan,nan
verse208,49.0,54.0,169.0,51.0,69.0,148.0,50.0,77.0,127.0,47.0,83.0,109.0,47.0,93.0,91.0,49.0,97.0,74.0,52.0,104.0,55.0,53.0,116.0,38.0,52.0,127.0,19.0,nan,nan,nan,nan,nan,nan,nan,nan,nan,nan,nan,nan,nan,nan,nan,nan,nan,nan,nan,nan,nan,nan,nan,nan,nan,nan,nan,nan,nan,nan,nan,nan,nan,nan,nan,nan,nan,nan,nan,nan,nan,nan,nan,nan,nan,nan,nan,nan
verse212,78.0,131.0,176.0,77.0,139.0,153.0,77.0,141.0,136.0,75.0,142.0,119.0,73.0,142.0,102.0,71.0,142.0,87.0,71.0,140.0,71.0,68.0,143.0,52.0,67.0,148.0,33.0,nan,nan,nan,nan,nan,nan,nan,nan,nan,nan,nan,nan,nan,nan,nan,nan,nan,nan,nan,nan,nan,nan,nan,nan,nan,nan,nan,nan,nan,nan,nan,nan,nan,nan,nan,nan,nan,nan,nan,nan,nan,nan,nan,nan,nan,nan,nan,nan
verse214,78.0,121.0,153.0,78.0,140.0,135.0,78.0,147.0,118.0,79.0,156.0,105.0,81.0,165.0,91.0,81.0,174.0,79.0,85.0,185.0,66.0,91.0,199.0,53.0,95.0,213.0,38.0,nan,nan,nan,nan,nan,nan,nan,nan,nan,nan,nan,nan,nan,nan,nan,nan,nan,nan,nan,nan,nan,nan,nan,nan,nan,nan,nan,nan,nan,nan,nan,nan,nan,nan,nan,nan,nan,nan,nan,nan,nan,nan,nan,nan,nan,nan,nan,nan
verse215,45.0,31.0,148.0,45.0,38.0,122.0,45.0,38.0,106.0,44.0,40.0,89.0,44.0,39.0,73.0,42.0,41.0,57.0,42.0,42.0,42.0,nan,nan,nan,nan,nan,nan,nan,nan,nan,nan,nan,nan,nan,nan,nan,nan,nan,nan,nan,nan,nan,nan,nan,nan,nan,nan,nan,nan,nan,nan,nan,nan,nan,nan,nan,nan,nan,nan,nan,nan,nan,nan,nan,nan,nan,nan,nan,nan,nan,nan,nan,nan,nan,nan
verse223,116.0,43.0,122.0,114.0,48.0,106.0,113.0,57.0,92.0,110.0,69.0,79.0,106.0,79.0,65.0,103.0,90.0,53.0,101.0,101.0,40.0,96.0,110.0,25.0,nan,nan,nan,nan,nan,nan,nan,nan,nan,nan,nan,nan,nan,nan,nan,nan,nan,nan,nan,nan,nan,nan,nan,nan,nan,nan,nan,nan,nan,nan,nan,nan,nan,nan,nan,nan,nan,nan,nan,nan,nan,nan,nan,nan,nan,nan,nan,nan,nan,nan,nan
verse226,129.0,128.0,150.0,129.0,124.0,129.0,129.0,124.0,106.0,130.0,126.0,93.0,130.0,134.0,79.0,131.0,139.0,63.0,134.0,143.0,50.0,137.0,151.0,36.0,137.0,160.0,20.0,nan,nan,nan,nan,nan,nan,nan,nan,nan,nan,nan,nan,nan,nan,nan,nan,nan,nan,nan,nan,nan,nan,nan,nan,nan,nan,nan,nan,nan,nan,nan,nan,nan,nan,nan,nan,nan,nan,nan,nan,nan,nan,nan,nan,nan,nan,nan,nan
verse227,137.0,117.0,133.0,136.0,119.0,115.0,136.0,121.0,101.0,134.0,126.0,85.0,135.0,132.0,71.0,134.0,136.0,57.0,136.0,143.0,42.0,136.0,153.0,25.0,nan,nan,nan,nan,nan,nan,nan,nan,nan,nan,nan,nan,nan,nan,nan,nan,nan,nan,nan,nan,nan,nan,nan,nan,nan,nan,nan,nan,nan,nan,nan,nan,nan,nan,nan,nan,nan,nan,nan,nan,nan,nan,nan,nan,nan,nan,nan,nan,nan,nan,nan
verse232,98.0,63.0,118.0,95.0,67.0,103.0,93.0,74.0,86.0,92.0,81.0,74.0,90.0,88.0,61.0,88.0,95.0,53.0,84.0,101.0,41.0,81.0,110.0,28.0,nan,nan,nan,nan,nan,nan,nan,nan,nan,nan,nan,nan,nan,nan,nan,nan,nan,nan,nan,nan,nan,nan,nan,nan,nan,nan,nan,nan,nan,nan,nan,nan,nan,nan,nan,nan,nan,nan,nan,nan,nan,nan,nan,nan,nan,nan,nan,nan,nan,nan,nan
verse239,84.0,40.0,190.0,86.0,52.0,172.0,87.0,60.0,157.0,87.0,68.0,143.0,87.0,76.0,130.0,86.0,82.0,116.0,86.0,86.0,99.0,87.0,92.0,83.0,88.0,99.0,65.0,87.0,108.0,46.0,85.0,115.0,26.0,nan,nan,nan,nan,nan,nan,nan,nan,nan,nan,nan,nan,nan,nan,nan,nan,nan,nan,nan,nan,nan,nan,nan,nan,nan,nan,nan,nan,nan,nan,nan,nan,nan,nan,nan,nan,nan,nan,nan,nan,nan,nan
verse243,49.0,51.0,157.0,48.0,49.0,134.0,47.0,50.0,114.0,47.0,50.0,94.0,47.0,51.0,74.0,47.0,53.0,56.0,46.0,56.0,36.0,44.0,64.0,15.0,nan,nan,nan,nan,nan,nan,nan,nan,nan,nan,nan,nan,nan,nan,nan,nan,nan,nan,nan,nan,nan,nan,nan,nan,nan,nan,nan,nan,nan,nan,nan,nan,nan,nan,nan,nan,nan,nan,nan,nan,nan,nan,nan,nan,nan,nan,nan,nan,nan,nan,nan
verse251,nan,nan,nan,nan,nan,nan,nan,nan,nan,nan,nan,nan,nan,nan,nan,113.0,183.0,667.0,111.0,184.0,648.0,111.0,187.0,627.0,110.0,192.0,605.0,110.0,199.0,580.0,109.0,205.0,558.0,109.0,211.0,535.0,108.0,215.0,509.0,108.0,215.0,482.0,106.0,210.0,454.0,105.0,207.0,427.0,102.0,201.0,397.0,104.0,195.0,364.0,105.0,189.0,333.0,107.0,184.0,297.0,110.0,178.0,258.0,108.0,173.0,215.0,108.0,177.0,176.0,109.0,185.0,137.0,nan,nan,nan
verse253,nan,nan,nan,nan,nan,nan,nan,nan,nan,nan,nan,nan,nan,nan,nan,nan,nan,nan,nan,nan,nan,nan,nan,nan,nan,nan,nan,214.0,190.0,564.0,213.0,202.0,546.0,213.0,216.0,534.0,212.0,228.0,515.0,214.0,237.0,498.0,212.0,243.0,476.0,212.0,250.0,454.0,212.0,251.0,431.0,209.0,249.0,407.0,205.0,245.0,377.0,196.0,233.0,346.0,189.0,224.0,315.0,189.0,220.0,286.0,186.0,212.0,256.0,188.0,210.0,224.0,nan,nan,nan
verse254,nan,nan,nan,nan,nan,nan,nan,nan,nan,nan,nan,nan,nan,nan,nan,nan,nan,nan,55.0,40.0,609.0,59.0,48.0,593.0,60.0,61.0,572.0,62.0,68.0,551.0,59.0,76.0,530.0,58.0,85.0,509.0,60.0,92.0,485.0,60.0,97.0,461.0,61.0,100.0,435.0,60.0,98.0,409.0,59.0,97.0,384.0,59.0,95.0,356.0,59.0,93.0,326.0,60.0,89.0,295.0,62.0,81.0,262.0,60.0,77.0,226.0,58.0,78.0,189.0,57.0,81.0,154.0,nan,nan,nan
verse255,nan,nan,nan,nan,nan,nan,nan,nan,nan,nan,nan,nan,nan,nan,nan,nan,nan,nan,181.0,183.0,652.0,182.0,190.0,632.0,181.0,201.0,612.0,184.0,210.0,592.0,182.0,222.0,573.0,182.0,231.0,553.0,179.0,238.0,530.0,179.0,241.0,508.0,179.0,240.0,484.0,179.0,241.0,463.0,182.0,232.0,442.0,182.0,226.0,419.0,181.0,215.0,391.0,178.0,205.0,360.0,178.0,196.0,327.0,179.0,189.0,294.0,174.0,186.0,259.0,176.0,191.0,227.0,175.0,201.0,193.0
verse257,nan,nan,nan,nan,nan,nan,nan,nan,nan,nan,nan,nan,nan,nan,nan,nan,nan,nan,nan,nan,nan,nan,nan,nan,nan,nan,nan,nan,nan,nan,nan,nan,nan,nan,nan,nan,nan,nan,nan,nan,nan,nan,nan,nan,nan,nan,nan,nan,49.0,89.0,316.0,49.0,88.0,287.0,50.0,88.0,255.0,51.0,88.0,224.0,51.0,89.0,189.0,51.0,87.0,153.0,49.0,87.0,117.0,48.0,92.0,80.0,nan,nan,nan
verse258,nan,nan,nan,nan,nan,nan,nan,nan,nan,nan,nan,nan,nan,nan,nan,65.0,45.0,352.0,60.0,45.0,336.0,60.0,48.0,318.0,56.0,54.0,298.0,56.0,59.0,279.0,54.0,59.0,259.0,51.0,64.0,237.0,50.0,59.0,214.0,50.0,65.0,192.0,50.0,62.0,169.0,49.0,60.0,145.0,49.0,58.0,118.0,48.0,60.0,92.0,48.0,61.0,61.0,nan,nan,nan,nan,nan,nan,nan,nan,nan,nan,nan,nan,nan,nan,nan,nan,nan,nan
verse259,nan,nan,nan,nan,nan,nan,nan,nan,nan,nan,nan,nan,nan,nan,nan,nan,nan,nan,nan,nan,nan,nan,nan,nan,nan,nan,nan,nan,nan,nan,nan,nan,nan,nan,nan,nan,nan,nan,nan,nan,nan,nan,nan,nan,nan,nan,nan,nan,nan,nan,nan,nan,nan,nan,nan,nan,nan,145.0,127.0,322.0,141.0,123.0,288.0,142.0,114.0,259.0,140.0,106.0,222.0,138.0,109.0,187.0,nan,nan,nan
verse261,nan,nan,nan,nan,nan,nan,nan,nan,nan,nan,nan,nan,nan,nan,nan,nan,nan,nan,nan,nan,nan,74.0,66.0,542.0,76.0,78.0,526.0,79.0,93.0,511.0,84.0,102.0,493.0,84.0,109.0,475.0,82.0,116.0,454.0,78.0,124.0,433.0,77.0,127.0,409.0,85.0,129.0,387.0,95.0,129.0,367.0,100.0,125.0,343.0,90.0,116.0,318.0,78.0,107.0,285.0,75.0,99.0,255.0,74.0,91.0,221.0,74.0,87.0,185.0,72.0,86.0,147.0,72.0,95.0,116.0
verse262,nan,nan,nan,nan,nan,nan,nan,nan,nan,nan,nan,nan,70.0,75.0,606.0,70.0,81.0,595.0,69.0,84.0,577.0,71.0,90.0,561.0,71.0,94.0,540.0,71.0,96.0,519.0,67.0,100.0,500.0,65.0,102.0,477.0,63.0,102.0,458.0,61.0,105.0,434.0,59.0,103.0,412.0,60.0,101.0,388.0,61.0,99.0,363.0,57.0,96.0,336.0,58.0,95.0,306.0,56.0,85.0,277.0,57.0,75.0,245.0,58.0,65.0,210.0,55.0,59.0,174.0,52.0,60.0,140.0,nan,nan,nan
verse265,nan,nan,nan,nan,nan,nan,nan,nan,nan,nan,nan,nan,nan,nan,nan,nan,nan,nan,131.0,88.0,541.0,130.0,93.0,523.0,128.0,102.0,508.0,129.0,107.0,488.0,128.0,114.0,470.0,129.0,118.0,450.0,127.0,120.0,431.0,128.0,126.0,410.0,125.0,129.0,388.0,125.0,129.0,365.0,126.0,124.0,343.0,126.0,128.0,319.0,123.0,120.0,290.0,124.0,118.0,267.0,126.0,111.0,242.0,124.0,108.0,210.0,121.0,111.0,177.0,118.0,120.0,147.0,nan,nan,nan
verse266,nan,nan,nan,nan,nan,nan,nan,nan,nan,nan,nan,nan,nan,nan,nan,nan,nan,nan,nan,nan,nan,88.0,71.0,549.0,90.0,80.0,533.0,89.0,90.0,517.0,91.0,100.0,502.0,92.0,108.0,482.0,91.0,115.0,460.0,91.0,118.0,438.0,89.0,121.0,417.0,90.0,123.0,393.0,88.0,124.0,370.0,88.0,124.0,345.0,86.0,120.0,320.0,91.0,115.0,290.0,93.0,109.0,266.0,99.0,106.0,239.0,107.0,108.0,203.0,117.0,118.0,172.0,nan,nan,nan
verse267,nan,nan,nan,nan,nan,nan,nan,nan,nan,nan,nan,nan,nan,nan,nan,nan,nan,nan,nan,nan,nan,112.0,86.0,510.0,110.0,95.0,492.0,111.0,102.0,474.0,112.0,108.0,455.0,109.0,112.0,435.0,108.0,117.0,417.0,110.0,113.0,396.0,110.0,108.0,375.0,108.0,101.0,356.0,106.0,93.0,335.0,103.0,86.0,311.0,101.0,79.0,286.0,97.0,67.0,260.0,96.0,54.0,235.0,92.0,48.0,205.0,97.0,49.0,175.0,96.0,61.0,143.0,nan,nan,nan
verse270,nan,nan,nan,nan,nan,nan,nan,nan,nan,nan,nan,nan,nan,nan,nan,nan,nan,nan,188.0,163.0,533.0,185.0,170.0,517.0,180.0,178.0,502.0,174.0,185.0,485.0,175.0,188.0,466.0,171.0,192.0,446.0,168.0,197.0,426.0,164.0,197.0,405.0,167.0,196.0,384.0,168.0,196.0,362.0,166.0,194.0,339.0,164.0,191.0,314.0,164.0,184.0,288.0,164.0,180.0,260.0,159.0,177.0,229.0,158.0,172.0,196.0,156.0,174.0,164.0,157.0,175.0,136.0,nan,nan,nan
verse272,nan,nan,nan,nan,nan,nan,nan,nan,nan,nan,nan,nan,nan,nan,nan,nan,nan,nan,nan,nan,nan,101.0,70.0,569.0,101.0,78.0,551.0,99.0,83.0,532.0,98.0,89.0,512.0,98.0,94.0,492.0,96.0,97.0,471.0,96.0,99.0,449.0,98.0,98.0,427.0,99.0,96.0,405.0,100.0,96.0,380.0,99.0,94.0,354.0,104.0,93.0,325.0,105.0,91.0,295.0,109.0,86.0,261.0,107.0,80.0,227.0,109.0,78.0,191.0,105.0,83.0,156.0,nan,nan,nan
verse275,nan,nan,nan,nan,nan,nan,nan,nan,nan,nan,nan,nan,nan,nan,nan,88.0,53.0,666.0,85.0,55.0,647.0,84.0,58.0,626.0,83.0,64.0,603.0,81.0,69.0,584.0,79.0,76.0,560.0,78.0,85.0,538.0,76.0,89.0,513.0,76.0,96.0,487.0,78.0,97.0,462.0,78.0,94.0,436.0,81.0,93.0,407.0,86.0,91.0,378.0,88.0,85.0,349.0,88.0,78.0,317.0,90.0,70.0,281.0,89.0,60.0,243.0,89.0,60.0,203.0,91.0,64.0,164.0,nan,nan,nan
